step	train_acc
0	62.20980223559759
1	90.32674118658642
2	96.9475494411006
3	98.06534823731728
4	99.01117798796217
5	99.48409286328462
6	99.78503869303525
7	99.61306964746346
8	99.74204643164231
9	99.95700773860705
