step	train_loss
0	1.4425058015813566
1	0.42054092741175875
2	0.18691344270865395
3	0.12173834628081076
4	0.08162403904054671
5	0.05174622241382117
6	0.036000092488343585
7	0.03190784001314681
8	0.024275705878533525
9	0.02116234360058626
