{
    "train_loss": 0.02116234360058626,
    "train_acc": 99.95700773860705,
    "val_loss": 0.18852965951569983,
    "val_acc": 94.57627118644068,
    "step": 9
}
